{"cameraMode":{"drawMode":0,"name":"Shaded","section":"Shading Mode"},"sceneLighting":true,"audioPlay":false,"sceneViewState":{"m_AlwaysRefresh":false,"showFog":true,"showSkybox":true,"showFlares":true,"showImageEffects":true,"showParticleSystems":true,"showVisualEffectGraphs":true,"m_FxEnabled":true},"in2DMode":false,"pivot":{"x":422.5360107421875,"y":360.71734619140627,"z":1097.2552490234375},"rotation":{"x":0.0452355295419693,"y":-0.05093085393309593,"z":0.0023090040776878597,"w":0.9976808428764343},"size":916.8508911132813,"orthographic":true}