{"cameraMode":{"drawMode":0,"name":"Shaded","section":"Shading Mode"},"sceneLighting":true,"audioPlay":false,"sceneViewState":{"m_AlwaysRefresh":false,"showFog":true,"showSkybox":true,"showFlares":true,"showImageEffects":true,"showParticleSystems":true,"showVisualEffectGraphs":true,"m_FxEnabled":true},"in2DMode":false,"pivot":{"x":611.00732421875,"y":479.1824645996094,"z":1052.643310546875},"rotation":{"x":-0.002690187655389309,"y":0.011994738131761551,"z":0.00003225191539968364,"w":0.9999302625656128},"size":650.1996459960938,"orthographic":true}